{
    "DataType": "MoneyData",
    "DataVersion": 0,
    "GameVersion": "0.3.3f13",
    "OnlineBalance": 14482.599609375,
    "Networth": 44394.6015625,
    "LifetimeEarnings": 66114.0,
    "WeeklyDepositSum": 10000.0
}