{
    "Gender": 0,
    "Weight": 0.0,
    "SkinColor": {
        "r": 0.7843137383460999,
        "g": 0.6549019813537598,
        "b": 0.545098066329956,
        "a": 1.0
    },
    "HairStyle": "Avatar/Hair/BowlCut/BowlCut",
    "HairColor": {
        "r": 0.12264150381088257,
        "g": 0.07578319311141968,
        "b": 0.044544316828250888,
        "a": 1.0
    },
    "Mouth": "Avatar/Layers/Face/Face_SmugPout",
    "FacialHair": "Avatar/Layers/Face/FacialHair_Goatee",
    "FacialDetails": "",
    "FacialDetailsIntensity": 0.0,
    "EyeballColor": {
        "r": 1.0,
        "g": 0.6556603908538818,
        "b": 0.6556603908538818,
        "a": 1.0
    },
    "UpperEyeLidRestingPosition": 0.21612903475761414,
    "LowerEyeLidRestingPosition": 0.5,
    "PupilDilation": 1.0,
    "EyebrowScale": 1.4277418851852418,
    "EyebrowThickness": 1.0,
    "EyebrowRestingHeight": 0.0,
    "EyebrowRestingAngle": 0.0,
    "Top": "Avatar/Layers/Top/T-Shirt",
    "TopColor": {
        "r": 0.15094339847564698,
        "g": 0.15094339847564698,
        "b": 0.15094339847564698,
        "a": 1.0
    },
    "Bottom": "Avatar/Layers/Bottom/CargoPants",
    "BottomColor": {
        "r": 0.8308740258216858,
        "g": 0.9921568632125855,
        "b": 0.2745097875595093,
        "a": 1.0
    },
    "Shoes": "Avatar/Accessories/Feet/Sneakers/Sneakers",
    "ShoesColor": {
        "r": 0.8962264060974121,
        "g": 0.2578764259815216,
        "b": 0.8697004318237305,
        "a": 1.0
    },
    "Headwear": "",
    "HeadwearColor": {
        "r": 1.0,
        "g": 1.0,
        "b": 1.0,
        "a": 1.0
    },
    "Eyewear": "",
    "EyewearColor": {
        "r": 0.0,
        "g": 0.0,
        "b": 0.0,
        "a": 0.0
    },
    "Tattoos": []
}